Ranking,Title,Author,Year,Rating,Description
1,Where the Wild Things Are,Maurice Sendak,1963, 4.25,"Where the Wild Things Are follows Max, a young boy who, after being sent to his room for misbehaving, imagines sailing to an island filled with wild creatures. As their king, Max tames the beasts and eventually returns home to find his supper waiting for him. This iconic book explores themes of imagination, adventure, and the complex emotions of childhood, all captured through Sendak's whimsical illustrations and story."
2,The Very Hungry Caterpillar,Eric Carle,1969, 4.34,"The Very Hungry Caterpillar tells the story of a caterpillar who eats through a variety of foods before eventually becoming a butterfly. Eric Carle’s use of colorful collage illustrations and rhythmic text has made this book a beloved classic for young readers. The simple, engaging story introduces children to days of the week, counting, and the concept of metamorphosis. It’s a staple in early childhood education."
3,The Giving Tree,Shel Silverstein,1964, 4.38,"The Giving Tree is a touching and bittersweet story about a tree that gives everything it has to a boy over the course of his life. As the boy grows up, he takes more from the tree, and the tree continues to give, even when it has little left. Silverstein’s minimalist text and illustrations convey deep themes of unconditional love, selflessness, and the passage of time. It has sparked much discussion about relationships and sacrifice."
4,Green Eggs and Ham,Dr. Seuss,1960, 4.31,"In Green Eggs and Ham, Sam-I-Am tries to convince a reluctant character to try a dish of green eggs and ham, despite his resistance. Through repetition and rhyme, Dr. Seuss’s classic story about being open to new experiences encourages children to be adventurous and try things outside their comfort zone. The playful illustrations and humorous dialogue make it a fun and educational read for young readers."
5,Goodnight Moon,Margaret Wise Brown,1947, 4.31,"Goodnight Moon is a gentle, rhythmic bedtime story where a little bunny says goodnight to everything in his room, from the moon to the ""quiet old lady whispering hush."" Its repetitive structure and comforting tone make it ideal for young children. The simple illustrations by Clement Hurd complement the soothing nature of the story, making it a beloved classic for sleep-time reading."
6,Charlotte’s Web,E.B. White,1952, 4.20,"Charlotte’s Web tells the story of a pig named Wilbur and his friendship with Charlotte, a clever spider who saves his life. Set on a farm, the novel explores themes of friendship, loyalty, and the cycle of life. Through Charlotte’s wise words and actions, Wilbur learns about love and sacrifice. White’s writing is filled with warmth and humor, and it’s a perfect read for both children and adults, dealing with timeless themes."
7,"The Cat in the Hat (Cat in the Hat, #1)",Dr. Seuss,1957, 4.19,"The Cat in the Hat is a landmark children’s book that tells the story of two siblings who are bored and stuck inside on a rainy day. Their day takes a wild turn when the mischievous Cat in the Hat shows up and creates chaos in their home, along with his companions, Thing 1 and Thing 2. The story’s playful rhymes and whimsical illustrations make it a fun and engaging introduction to early reading for young children."
8,Where the Sidewalk Ends,Shel Silverstein,1974, 4.34,"Where the Sidewalk Ends is a collection of poems by Shel Silverstein that blend wit, humor, and thoughtful reflections on life. With its playful rhymes and sometimes surreal themes, the book invites children to explore their imagination and the joy of language. The poems are often accompanied by Silverstein’s signature drawings, which add to the whimsical atmosphere. It’s a perfect book for children who enjoy quirky, imaginative poetry."
9,If You Give a Mouse a Cookie,Laura Joffe Numeroff,1985, 4.29,"In If You Give a Mouse a Cookie, a little mouse asks for a cookie, and from there, a series of increasingly funny and unlikely events follow. Each request leads to another, showing the mouse's insatiable appetite for things he doesn’t necessarily need. This circular story uses humor to teach children about cause and effect while entertaining them with its playful illustrations and charming narrative."
10,Love You Forever,Robert Munsch,1986, 4.38,"Love You Forever tells the heartwarming story of a mother’s enduring love for her son as he grows from a baby to an adult. Despite the passage of time and changing circumstances, the mother’s love remains constant. This book explores themes of unconditional love and the bond between parent and child, making it a perfect book for sharing at bedtime or during moments of reflection."
11,Corduroy,Don Freeman,1968, 4.33,"Corduroy tells the story of a stuffed bear named Corduroy, who lives in a department store and longs for a home. When a little girl named Lisa buys him, he finally finds the love and belonging he has always wanted. Through this sweet and simple story, Freeman explores themes of self-worth, acceptance, and friendship. The charming illustrations and lovable characters make it an endearing classic for young readers."
12,The Lorax,Dr. Seuss,1971, 4.35,"The Lorax tells the story of the environmentalist creature known as the Lorax, who speaks for the trees in an effort to protect the environment from the destructive actions of the Once-ler. Dr. Seuss’s timely message about conservation, the importance of nature, and taking responsibility for the planet makes this book both entertaining and educational. The bold illustrations and rhyming text are classic Seuss, engaging young readers."
13,Madeline,Ludwig Bemelmans,1939, 4.26,"Madeline follows the adventures of a brave and spirited little girl living in a convent in Paris. When she falls ill, she shows resilience and courage, never losing her sense of adventure. Bemelmans' charming illustrations and engaging storytelling make Madeline a beloved character in children’s literature. Themes of independence, courage, and friendship make this a timeless classic."
14,"Harry Potter and the Sorcerer's Stone (Harry Potter, #1)",J.K. Rowling,1997, 4.47,"Harry Potter and the Sorcerer’s Stone introduces readers to Harry Potter, an orphan who discovers that he is a wizard and attends the magical Hogwarts School of Witchcraft and Wizardry. Along with his new friends, Harry uncovers mysteries surrounding his past and the dark wizard who killed his parents. This book starts the beloved series and sets the stage for Harry’s journey, filled with magic, adventure, and friendship."
15,The Velveteen Rabbit,Margery Williams Bianco,1922, 4.31,"The Velveteen Rabbit tells the story of a stuffed rabbit who longs to become real through the love of a child. As the rabbit experiences love and loss, he learns that true beauty comes from the heart. The book’s themes of love, transformation, and the passage of time make it a timeless classic that resonates with both children and adults. Its gentle message is beautifully complemented by the soft, nostalgic illustrations."
16,How the Grinch Stole Christmas!,Dr. Seuss,1957, 4.38,"How the Grinch Stole Christmas! tells the story of the Grinch, a creature who despises Christmas and plots to ruin it for the residents of Whoville. But when he tries to steal their holiday, he discovers the true meaning of Christmas. With its playful rhymes and vibrant illustrations, this Christmas classic delivers a heartwarming message about generosity, kindness, and the spirit of the season."
17,Curious George,H.A. Rey,1941, 4.17,"Curious George introduces the mischievous little monkey who, with his boundless curiosity, gets into all sorts of trouble. From escaping from his cage to causing chaos in the city, George’s adventures are filled with humor and surprises. H.A. Rey’s delightful illustrations and simple storytelling make this series a favorite for young readers, teaching them about curiosity, exploration, and problem-solving."
18,The Monster at the End of this Book,Jon Stone,1971, 4.46,"The Monster at the End of This Book features the beloved character of Grover from Sesame Street, who is horrified to learn that there’s a monster at the end of the book. As he attempts to stop the reader from turning pages, his efforts only bring him closer to the monster. This interactive story encourages readers to participate in the narrative and is full of humor, making it a fun and engaging read for young children."
19,Chicka Chicka Boom Boom,Bill Martin Jr. and John Archambault,1989, 4.26,"Chicka Chicka Boom Boom is a fun and rhythmic story about the letters of the alphabet as they race to the top of a coconut tree. Each letter gets tangled up as they try to climb, creating an amusing and colorful spectacle. The catchy rhymes and lively illustrations make this a great book for teaching young children the alphabet in an engaging and playful way."
20,"One Fish, Two Fish, Red Fish, Blue Fish",Dr. Seuss,1960, 4.18,"One Fish, Two Fish, Red Fish, Blue Fish is a playful and imaginative exploration of colors, numbers, and creatures. In this early reader, Dr. Seuss presents a series of whimsical and rhyming scenarios involving colorful fish and creatures, all while teaching young children basic concepts."
21,The Little Prince,Antoine de Saint-Exupéry,1943, 4.33,"The Little Prince is a philosophical novella that tells the story of a young prince who travels from planet to planet, learning about life, love, and human nature. Through encounters with various characters, he discovers that the most important things in life are invisible to the eye. The story’s allegorical messages about childhood innocence and adult perspective have made it a timeless classic, appealing to both children and adults alike."
22,"Brown Bear, Brown Bear, What Do You See?",Bill Martin Jr. and Eric Carle,1966, 4.26,"Brown Bear, Brown Bear, What Do You See? is a repetitive and rhythmic picture book that introduces young children to animals and colors. Each page presents a different animal asking what it sees, which leads to the next animal in the sequence. The colorful and engaging illustrations by Eric Carle make it an ideal book for teaching young readers about colors, animals, and pattern recognition."
23,"Alexander and the Terrible, Horrible, No Good, Very Bad Day",Judith Viorst,1972, 4.24,"Alexander and the Terrible, Horrible, No Good, Very Bad Day follows the misadventures of young Alexander as everything seems to go wrong on a particularly bad day. Through humor and relatable situations, the story offers children a chance to empathize with Alexander’s frustration while learning that sometimes bad days are just part of life. The book’s relatable theme and straightforward text make it a favorite for children facing their own challenges."
24,Matilda,Roald Dahl,1988, 4.33,"Matilda tells the story of an exceptionally gifted young girl who, despite her neglectful and cruel parents, uses her intelligence and telekinetic powers to stand up to injustice. Through her friendship with her kind teacher Miss Honey, Matilda overcomes obstacles and takes charge of her life. Roald Dahl’s engaging writing and vibrant characters make this a beloved story of resilience, intelligence, and empowerment for young readers."
25,"Harold and the Purple Crayon (Harold, #1)",Crockett Johnson,1955, 4.28,"In Harold and the Purple Crayon, a young boy named Harold uses his purple crayon to draw his own adventure, creating the world around him. The story encourages creativity and imagination, as Harold draws everything he needs, from a path through the forest to a sailboat on the sea. Crockett Johnson’s simple and captivating illustrations make this book a great introduction to the power of imagination and problem-solving for children."
26,"The Tale of Peter Rabbit (World of Beatrix Potter, #1)",Beatrix Potter,1902, 4.22,"The Tale of Peter Rabbit follows the mischievous young rabbit as he sneaks into Mr. McGregor’s garden and faces various dangers. Beatrix Potter’s charming illustrations and the story’s timeless appeal have made it a beloved classic. The book teaches lessons about disobedience, responsibility, and the consequences of one’s actions, all through the lens of a playful animal adventure."
27,Are You My Mother?,P.D. Eastman,1960, 4.21,"Are You My Mother? tells the story of a baby bird who hatches and immediately begins searching for its mother. The bird asks various animals, machines, and people if they are its mother, only to be met with rejection. The story explores themes of love, identity, and the search for belonging, making it a heartwarming and accessible read for young children. The simple text and clear illustrations add to its charm and educational value."
28,"Frog and Toad Are Friends (Frog and Toad, #1)",Arnold Lobel,1970, 4.25,"Frog and Toad Are Friends follows the adventures of two inseparable friends, Frog and Toad, who share a series of simple yet meaningful experiences together. Their stories highlight the values of friendship, empathy, and understanding, with each story presenting a small lesson in emotional and social development. Arnold Lobel’s engaging text and illustrations make it an ideal read for young children."
29,"Oh, the Places You’ll Go!",Dr. Seuss,1990, 4.37,"Oh, the Places You’ll Go! is an inspirational and whimsical book by Dr. Seuss that encourages readers to embrace the ups and downs of life’s journey. Through a series of fun, rhyming verses and imaginative illustrations, the book conveys messages about perseverance, self-discovery, and taking risks. Often given as a graduation gift, it’s a motivational book for both children and adults, reminding readers of the exciting possibilities ahead."
30,"Cloudy With a Chance of Meatballs (Cloudy with a Chance of Meatballs, #1)",Judi Barrett,1978, 4.18,"Cloudy with a Chance of Meatballs imagines a world where food falls from the sky like rain. The book follows the town of Chewandswallow, where the weather delivers bizarre foods like hamburgers and mashed potatoes instead of regular weather. The quirky, imaginative story plays with the concept of weather while delivering an underlying message about consumption and environmental responsibility, making it a humorous and thought-provoking read."
31,"The World of Winnie-the-Pooh (Winnie-the-Pooh, #1-2)",A.A. Milne,1926, 4.42,"The World of Winnie-the-Pooh brings together the first two books in A.A. Milne’s beloved series about Winnie-the-Pooh and his adventures with friends in the Hundred Acre Wood. The collection includes tales of friendship, adventure, and kindness, highlighting the gentle and humorous interactions between Pooh, Piglet, Tigger, and the others. With its timeless themes and whimsical writing, the series has become a classic for readers of all ages."
32,The Secret Garden,Frances Hodgson Burnett,1911, 4.16,"The Secret Garden tells the story of Mary Lennox, a spoiled and lonely girl who discovers a hidden garden on her uncle’s estate. Through her care for the garden, Mary transforms both the garden and herself, learning about friendship, nature, and selflessness. The novel touches on themes of healing, the power of nature, and personal growth, making it an enduring classic for children. Its emotional depth and positive messages resonate with readers young and old."
33,Alice’s Adventures in Wonderland / Through the Looking-Glass,Lewis Carroll,1865, 4.06,"Alice’s Adventures in Wonderland follows a curious young girl named Alice as she falls down a rabbit hole and enters a fantastical world full of strange creatures and nonsensical events. Through the Looking-Glass continues Alice's adventures as she steps through a mirror into another bizarre world. Both stories play with logic, language, and the absurd, making them enduring classics of children’s literature that explore the boundaries between fantasy and reality."
34,Guess How Much I Love You,Sam McBratney,1994, 4.39,"Guess How Much I Love You is a heartwarming story about Little Nutbrown Hare and Big Nutbrown Hare, who try to express their love for each other in increasingly imaginative ways. The gentle and repetitive text, paired with charming illustrations, conveys a timeless message about love and affection, making it a perfect bedtime read for young children."
35,Horton Hears a Who!,Dr. Seuss,1954, 4.21,"Horton Hears a Who! tells the story of Horton the elephant, who discovers a tiny world of Whos living on a speck of dust. Despite ridicule from other animals, Horton insists that a person's a person no matter how small. The story teaches important lessons about kindness, courage, and standing up for what’s right, all wrapped in Dr. Seuss’s trademark whimsical rhyming style and engaging illustrations."
36,"The Chronicles of Narnia (The Chronicles of Narnia, #1-7)",C.S. Lewis,1950, 4.28,"The Chronicles of Narnia is a series of seven fantasy novels that follow the adventures of children who stumble into the magical land of Narnia, where they meet talking animals, mythical creatures, and battle evil forces. Starting with The Lion, the Witch and the Wardrobe, the series explores themes of good versus evil, friendship, and sacrifice. The books are beloved for their imaginative world-building, allegorical elements, and moral lessons."
37,"Pippi Longstocking (Pippi Långstrump, #1)",Astrid Lindgren,1945, 4.15,"Pippi Longstocking tells the story of a free-spirited, strong-willed girl named Pippi, who lives alone with her horse and monkey in a small Swedish village. Unconventional and always full of adventure, Pippi’s stories challenge societal norms and celebrate individuality, making her an iconic character in children's literature. The book is humorous and empowering, showing that being different is something to be celebrated."
38,The True Story of the 3 Little Pigs,Jon Scieszka,1989, 4.32,"The True Story of the 3 Little Pigs is a humorous twist on the classic tale, told from the perspective of the Big Bad Wolf. Claiming that he was framed, the wolf presents his version of the story, offering a hilarious take on the familiar fairy tale. The book is known for its wit, clever narrative, and the way it encourages readers to consider multiple perspectives, making it a fun and thought-provoking read."
39,The Little Engine That Could,Watty Piper,1930, 4.19,"The Little Engine That Could is a classic children's story about a small engine who, despite being told it’s too small to pull a heavy load, believes in itself and succeeds in helping other trains cross a mountain. The story’s central message of perseverance and self-belief has made it an enduring motivational tale for young readers. Its rhythmic, repetitive text and simple illustrations make it especially appealing for early readers."
40,"Anne of Green Gables (Anne of Green Gables, #1)",L.M. Montgomery,1908, 4.32,"Anne of Green Gables follows the adventures of Anne Shirley, an imaginative and talkative orphan who is mistakenly sent to live with siblings Marilla and Matthew Cuthbert. Set in the picturesque town of Avonlea, the novel explores Anne’s growth, friendships, and her struggles with fitting in. With its themes of belonging, personal growth, and the importance of community, this classic has captured the hearts of readers for generations."
41,"Amelia Bedelia (Amelia Bedelia, #1)",Peggy Parish,1963, 4.19,"Amelia Bedelia introduces readers to a literal-minded maid who hilariously misinterprets everyday idioms and instructions. Her misunderstandings lead to a series of funny situations, but her good intentions always shine through. This charming and humorous series teaches children the nuances of language and the importance of following instructions, making it a delightful read for early learners and those developing language skills."
42,"Charlie and the Chocolate Factory (Charlie Bucket, #1)",Roald Dahl,1964, 4.16,"Charlie and the Chocolate Factory tells the story of a poor boy named Charlie who wins a golden ticket to visit Willy Wonka’s magical chocolate factory. Along with four other children, Charlie embarks on an adventure that teaches lessons about greed, humility, and the rewards of kindness. Roald Dahl’s whimsical characters, humorous narrative, and underlying moral themes have made this a beloved story for readers of all ages."
43,"The Hobbit, or There and Back Again (The Lord of the Rings, #0)",J.R.R. Tolkien,1937, 4.29,"The Hobbit follows the journey of Bilbo Baggins, a hobbit who is thrust into an epic adventure with dwarves and the wizard Gandalf. Together, they set out to reclaim treasure guarded by the dragon Smaug. Along the way, Bilbo grows in courage, wisdom, and leadership. The book introduces readers to Tolkien's richly imagined world of Middle-earth and is the prelude to the Lord of the Rings trilogy, blending adventure, fantasy, and heroism."
44,The BFG,Roald Dahl,1982, 4.23,"The BFG tells the story of Sophie, an orphan girl who befriends a kind giant, the Big Friendly Giant (BFG), who does not eat children but instead collects dreams. Together, they embark on a mission to stop the evil giants who terrorize children. Filled with humor, heart, and themes of friendship and bravery, The BFG is a timeless story that resonates with readers of all ages, showcasing Roald Dahl's characteristic wit and imagination."
45,The Stinky Cheese Man and Other Fairly Stupid Tales,Jon Scieszka,1992, 4.20,"The Stinky Cheese Man and Other Fairly Stupid Tales is a collection of humorous and irreverent twists on classic fairy tales. Written in a fractured fairy tale style, the book plays with traditional storytelling conventions, offering absurd and unexpected endings to familiar stories. Its quirky humor and playful illustrations by Lane Smith have made it a favorite among young readers who enjoy a good laugh and a break from the conventional."
46,Stellaluna,Janell Cannon,1993, 4.27,"Stellaluna is the story of a baby bat who is separated from her mother and raised by a family of birds. As she grows, Stellaluna struggles to fit in with her new family, but ultimately learns to embrace her true identity. The story explores themes of identity, acceptance, and the importance of being true to oneself, making it a heartwarming read for children. The beautiful illustrations and gentle narrative have made Stellaluna a modern classic."
47,The Poky Little Puppy,Janette Sebring Lowrey,1942, 4.13,"The Poky Little Puppy is a classic children’s story about a curious and slow-moving puppy who sneaks away from his brothers and sisters. His adventures lead to a series of gentle lessons about responsibility, the consequences of not following the rules, and the joys of discovery. Its simple, repetitive narrative and charming illustrations make it a favorite among early readers and a timeless tale for young children."
48,Make Way for Ducklings,Robert McCloskey,1941, 4.24,"Make Way for Ducklings follows a family of ducks as they make their way through the busy streets of Boston to find a safe place to live. The story highlights the importance of family and community, while the detailed illustrations of Boston make the book a charming read for both children and adults. This beloved classic is a perfect blend of humor, heart, and a gentle reminder of the importance of perseverance and care for others."
49,James and the Giant Peach,Roald Dahl,1961, 4.03,"James and the Giant Peach follows a young boy named James who, after a magical series of events, embarks on an adventure inside a giant peach. Along the way, he meets a group of friendly insect companions who help him overcome various challenges. Roald Dahl’s trademark mix of dark humor, whimsy, and life lessons makes this an enduring favorite for readers of all ages, teaching lessons about friendship, courage, and adventure."
50,"A Wrinkle in Time (Time Quintet, #1)",Madeleine L'Engle,1962, 3.98,"A Wrinkle in Time is a science fiction novel that follows Meg Murry, her brother Charles Wallace, and their friend Calvin as they embark on a journey through space and time to rescue Meg’s father. Along the way, they encounter strange creatures and face powerful enemies. The novel explores themes"
51,Don't Let the Pigeon Drive the Bus!,Mo Willems,2003, 4.33,"Don't Let the Pigeon Drive the Bus! is a humorous picture book in which a pigeon desperately tries to convince the reader to let it drive a bus. The interactive narrative encourages children to say ""no"" to the pigeon’s persuasive antics, engaging them in a fun and silly way. Willems' simple, expressive illustrations and relatable humor have made this a favorite among young readers, promoting decision-making and responsibility."
52,The Polar Express,Chris Van Allsburg,1985, 4.32,"The Polar Express is a Christmas classic that follows a young boy’s magical journey to the North Pole aboard a mysterious train. The story conveys themes of belief, wonder, and the spirit of Christmas, with detailed illustrations that create a sense of magic and excitement. The book’s heartfelt message about the importance of faith and imagination has made it a beloved holiday favorite for generations of readers."
53,The Phantom Tollbooth,Norton Juster,1961, 4.20,"The Phantom Tollbooth is a whimsical adventure in which a bored boy named Milo travels to a strange land through a mysterious tollbooth. Along the way, he meets characters like Tock the watchdog and the Humbug, and learns important lessons about knowledge, language, and the value of curiosity. The book is known for its clever wordplay, puns, and philosophical musings, making it both an entertaining and thought-provoking read."
54,"Little House in the Big Woods (Little House, #1)",Laura Ingalls Wilder,1932, 4.21,"Little House in the Big Woods is the first book in the Little House series, which chronicles the early years of Laura Ingalls and her family as they live on a farm in Wisconsin. The story reflects the simple, hard-working life of pioneer families, showcasing the values of self-sufficiency, family, and the beauty of nature. With its nostalgic, homely atmosphere, the book provides an intimate glimpse into life in the American frontier."
55,"Go, Dog. Go!",P.D. Eastman,1961, 4.15,"Go, Dog. Go! is an early reader book that follows a series of dogs as they engage in various activities like driving cars, playing games, and attending a party. With its repetitive text and bright illustrations, the book helps young children practice basic reading skills while introducing them to concepts such as opposites, colors, and shapes. The lively, humorous tone and accessible format make it a perfect first book for beginning readers."
56,"The Wonderful Wizard of Oz (Oz, #1)",L. Frank Baum,1900, 4.00,"The Wonderful Wizard of Oz is the first book in Baum's Oz series and tells the story of Dorothy, a young girl from Kansas who is swept away to the magical land of Oz. Along with her new friends—the Scarecrow, Tin Man, and Cowardly Lion—Dorothy embarks on a journey to meet the Wizard and find her way home. The book is filled with themes of friendship, courage, and the belief in oneself, and has become an iconic tale in American literature."
57,The Rainbow Fish,Marcus Pfister,1992, 4.21,"The Rainbow Fish is a beautifully illustrated story about a fish who learns the importance of sharing. The fish's shimmering scales make him the most beautiful creature in the sea, but he is lonely until he shares his scales with others. The book teaches young readers about generosity, friendship, and the joy of selflessness, with its vibrant illustrations and simple, heartfelt message making it a popular choice for early childhood readers."
58,"The Giver (The Giver, #1)",Lois Lowry,1993, 4.12,"The Giver is a dystopian novel set in a society where emotions are suppressed, and memories of the past are erased. A young boy named Jonas is chosen to be the Receiver of Memory, a role that leads him to discover the hidden truths about his world. The book explores themes of free will, individuality, and the consequences of living in a controlled society. The Giver has sparked discussions about ethics, freedom, and the role of memory in shaping identity."
59,The Story of Ferdinand,Munro Leaf,1936, 4.37,"The Story of Ferdinand follows a peaceful bull named Ferdinand, who prefers to smell flowers rather than fight in the bullring. When he is mistakenly chosen for a bullfight, his calm nature surprises everyone. The story promotes non-violence, individuality, and staying true to oneself. With its simple, yet powerful message, the book has become a beloved classic for children, encouraging them to be themselves and embrace their differences."
60,The Night Before Christmas,Clement Clarke Moore,1823, 4.40,"The Night Before Christmas is a classic Christmas poem that describes the events of Christmas Eve through the eyes of a father who sees Santa Claus visiting his home. The poem captures the excitement and magic of the holiday season, with its vivid descriptions of Santa’s arrival and the joyful anticipation of Christmas morning. Its rhythmic, catchy verses have made it a staple of holiday traditions for families and readers of all ages."
61,Bridge to Terabithia,Katherine Paterson,1977, 4.05,"Bridge to Terabithia tells the story of Jess Aarons and his friendship with Leslie Burke, a creative and imaginative girl who introduces him to the magical world of Terabithia. Their bond is tested by an unexpected tragedy, and Jess learns valuable lessons about grief, love, and the importance of friendship. The novel is a powerful exploration of loss and resilience, making it an emotionally impactful read for older children and young teens."
62,Blueberries for Sal,Robert McCloskey,1948, 4.22,"Blueberries for Sal is a charming story about a little girl named Sal and her mother who go blueberry picking in the woods. Meanwhile, a bear cub and its mother are also gathering berries. The two families unknowingly cross paths, and the story explores their humorous and heartwarming adventures. With its simple text and gentle illustrations, this book is a perfect read for young children and is a great introduction to nature and the changing seasons."
63,"Caps for Sale: A Tale of a Peddler, Some Monkeys and Their Monkey Business",Esphyr Slobodkina,1940, 4.17,"Caps for Sale is a delightful story about a peddler who encounters a group of mischievous monkeys who steal his caps. The peddler tries various strategies to retrieve his caps, resulting in a humorous and repetitive tale that children love to engage with. Its playful rhythm and illustrations capture the imagination, and the book teaches lessons about problem-solving, patience, and persistence."
64,The Witches,Roald Dahl,1983, 4.18,"The Witches tells the story of a young boy and his grandmother who uncover a secret society of witches who despise children and plot to turn them all into mice. With the help of his grandmother, the boy must outwit the witches and save the children. The book is known for its dark humor, thrilling suspense, and memorable characters. Though it can be a bit scary, it is beloved for its unique blend of fear, adventure, and courage."
65,Clifford the Big Red Dog,Norman Bridwell,1963, 4.17,"Clifford the Big Red Dog introduces readers to Clifford, a giant red dog who is loved by his owner Emily Elizabeth despite his enormous size and the trouble he causes. The book explores themes of friendship, acceptance, and the joy of being different. The simple, colorful illustrations and heartwarming story make it an ideal read for young children, teaching them important lessons about love and loyalty."
66,Fox in Socks,Dr. Seuss,1965, 4.11,"Fox in Socks is a zany, tongue-twisting story about a fox who engages a pair of friends in a series of playful and challenging word games. The book is known for its challenging rhymes and its ability to make readers laugh while testing their verbal agility. Dr. Seuss’s playful language and vibrant illustrations make this a fun and educational read for children, promoting language development and phonemic awareness."
67,"Little Bear (Little Bear, #1)",Else Holmelund Minarik,1957, 4.25,"Little Bear is the first book in a series that follows the adventures of Little Bear, a young bear who enjoys simple, heartfelt experiences with his family and friends. The stories are warm and gentle, exploring themes of friendship, family, and growing up. The book's simple text and cozy illustrations make it a perfect choice for beginning readers, and it has remained a beloved classic for generations of children."
68,"The Lion, the Witch and the Wardrobe (Chronicles of Narnia, #1)",C.S. Lewis,1950, 4.24,"The Lion, the Witch and the Wardrobe is the first book in The Chronicles of Narnia series, where four siblings stumble upon the magical land of Narnia, ruled by the evil White Witch. With the help of the noble lion Aslan, they must fight to free Narnia from eternal winter. The story explores themes of courage, sacrifice, and redemption and has become one of the most beloved fantasy novels for children, encouraging imagination and moral values."
69,The Paper Bag Princess,Robert Munsch,1980, 4.31,"The Paper Bag Princess is a modern fairy tale that turns traditional gender roles upside down. The story follows Princess Elizabeth, who is set to marry a prince but must use her wits to rescue him after a dragon destroys her castle and kidnaps him. Armed only with a paper bag for clothing, she embarks on a journey that challenges the usual damsel-in-distress narrative. The book empowers young readers by showing courage, independence, and the value of inner strength over appearances."
70,"The Snowy Day (Peter, #1)",Ezra Jack Keats,1962, 4.20,"The Snowy Day follows a young boy named Peter as he explores his neighborhood after a fresh snowfall. This beautifully illustrated book captures the magic and wonder of a winter day, and Peter’s experiences—like making footprints in the snow, a snowball fight, and building a snowman—resonate with children everywhere. Keats’ simple yet evocative storytelling also reflects the joy and curiosity of childhood."
71,Tikki Tikki Tembo,Arlene Mosel,1968, 4.20,"Tikki Tikki Tembo is a retelling of a traditional Chinese folktale about a boy with an extraordinarily long name. When Tikki Tikki Tembo falls into a well, his brother has trouble rescuing him due to his long name. The story humorously explores the consequences of giving someone an overly complicated name and teaches children the value of simplicity and caution. The rhythmic language and vibrant illustrations make this story a favorite for young readers."
72,A Bad Case of Stripes (Scholastic Bookshelf),David Shannon,1998, 4.26,"A Bad Case of Stripes is a humorous story about a young girl named Camilla Cream, who refuses to be herself, trying to please others by changing to fit in. When she wakes up one morning with a strange case of stripes, she learns a lesson about embracing who she truly is. The book’s engaging illustrations and clever narrative offer children a fun and thought-provoking way to learn about self-acceptance and individuality."
73,"Winnie-the-Pooh (Winnie-the-Pooh, #1)",A.A. Milne,1926, 4.38,"Winnie-the-Pooh introduces readers to the beloved bear and his friends in the Hundred Acre Wood. The book follows Pooh and his friends—Piglet, Tigger, Eeyore, Rabbit, and others—as they embark on gentle adventures and learn valuable lessons about friendship, generosity, and kindness. Milne’s classic characters and warm storytelling have made this book a timeless favorite for readers of all ages."
74,Chrysanthemum,Kevin Henkes,1991, 4.34,"Chrysanthemum tells the story of a young mouse named Chrysanthemum who is teased for her unique name. As she navigates the challenges of school and the hurtful remarks of her classmates, she learns to embrace her name and recognize its beauty. Henkes’ charming illustrations and sensitive exploration of self-esteem and individuality make this a wonderful story for young children dealing with similar experiences."
75,"Miss Nelson Is Missing! (Miss Nelson, #1)",Harry Allard,1977, 4.31,"Miss Nelson Is Missing! is a humorous and clever story about a sweet and gentle teacher, Miss Nelson, who mysteriously disappears. The students of Room 207 are left with a strict, no-nonsense substitute teacher, Viola Swamp. Through this story, the children learn to appreciate the kindness and fairness of their regular teacher. The book’s engaging illustrations and playful narrative offer a lighthearted way to explore themes of respect and empathy."
76,Falling Up,Shel Silverstein,1996, 4.36,"Falling Up is a collection of quirky and imaginative poems and illustrations by Shel Silverstein. Filled with whimsical rhymes and creative characters, the book explores the playful side of life through themes of wonder, humor, and curiosity. Silverstein’s unique style encourages children to see the world through a different lens, celebrating the absurdities and joys of being a child."
77,"Click, Clack, Moo: Cows That Type",Doreen Cronin,2000, 4.28,"Click, Clack, Moo: Cows That Type is a humorous story about a group of cows who discover a typewriter and begin writing demands for better conditions from Farmer Brown. The situation escalates as other animals join in with their own requests, leading to a stand-off between the animals and Farmer Brown. This witty and playful book is a fun exploration of communication and negotiation, making it a delightful read for young children."
78,The Tale of Despereaux,Kate DiCamillo,2003, 4.07,"The Tale of Despereaux tells the story of a small, brave mouse named Despereaux Tilling who embarks on a grand adventure to rescue a princess. The story blends fantasy, courage, and friendship, as Despereaux learns to embrace his unique qualities and fight for what is right. DiCamillo’s compelling storytelling, along with rich illustrations, creates an epic tale of heroism and self-discovery, making it a modern classic for children."
79,The Sneetches and Other Stories,Dr. Seuss,1961, 4.31,"The Sneetches and Other Stories is a collection of four stories by Dr. Seuss that explore themes of difference, acceptance, and the absurdity of prejudice. In the title story, the Sneetches, divided into “Star-Bellied” and “Plain-Bellied,” learn an important lesson about the futility of discrimination. Seuss’ signature rhymes, colorful illustrations, and clever social commentary make this a classic for teaching children about empathy and equality."
80,From the Mixed-Up Files of Mrs. Basil E. Frankweiler,E.L. Konigsburg,1967, 4.16,"From the Mixed-Up Files of Mrs. Basil E. Frankweiler follows Claudia and her younger brother, Jamie, who run away to the Metropolitan Museum of Art. There, they embark on a thrilling adventure involving a mysterious statue and the enigmatic Mrs. Basil E. Frankweiler. Konigsburg’s witty and engaging story blends mystery, humor, and a sense of independence, offering young readers a captivating exploration of creativity and curiosity."
81,"The Story of Babar (Babar, #1)",Jean de Brunhoff,1931, 4.08,"The Story of Babar introduces readers to Babar, a young elephant who escapes the jungle, experiences the human world, and returns to his kingdom as king. The story is an endearing tale of growth, leadership, and adventure as Babar learns the value of responsibility. De Brunhoff’s charming illustrations and simple, yet meaningful narrative have made this story a beloved classic, teaching children about resilience, leadership, and the importance of community."
82,"The Indian in the Cupboard (The Indian in the Cupboard, #1)",Lynne Reid Banks,1980, 3.93,"The Indian in the Cupboard tells the story of Omri, a young boy who magically brings a toy Indian named Little Bear to life with a cupboard and a key. As Omri navigates the consequences of his actions, he learns important lessons about responsibility and empathy. This imaginative fantasy explores the intersection of magic and moral growth, making it a captivating story for young readers who love adventure and wonder."
83,The Adventures of Tom Sawyer,Mark Twain,1876, 3.92,"The Adventures of Tom Sawyer follows the mischievous and adventurous Tom as he grows up along the Mississippi River. With his friends Huck Finn, Joe Harper, and Becky Thatcher, Tom experiences adventures that range from treasure hunts to dangerous escapades. Twain’s classic novel explores themes of childhood, friendship, freedom, and moral growth, providing a rich, timeless story that continues to resonate with readers of all ages."
84,"The Mouse and the Motorcycle (Ralph S. Mouse, #1)",Beverly Cleary,1965, 3.96,"The Mouse and the Motorcycle tells the story of Ralph, a young mouse who dreams of adventure. When Ralph finds a toy motorcycle in a hotel room, he begins a series of escapades that teach him valuable lessons about courage and responsibility. Cleary’s engaging storytelling and warm, humorous illustrations make this a fun and heartwarming story about self-discovery and the joys of exploring the world."
85,"Olivia (Olivia, #1)",Ian Falconer,2000, 4.15,"Olivia follows the adventures of a precocious pig named Olivia as she navigates her lively and creative world. From making mischief to exploring her passions, Olivia’s imagination and energy make her a character children can relate to. Falconer’s delightful illustrations and simple, yet engaging, storytelling capture the spirit of childhood and the joy of self-expression, making this book a delightful read for young children discovering the world around them."
86,"Sideways Stories from Wayside School (Wayside School, #1)",Louis Sachar,1978, 4.16,"Sideways Stories from Wayside School is a whimsical and surreal collection of stories about the eccentric happenings at Wayside School, a 30-story school where each story takes readers through bizarre situations and humorous events. The book’s quirky characters, absurd scenarios, and playful language make it a fun and engaging read for children. Sachar’s sense of humor and ability to blend fantasy and reality with wit make this book a beloved classic for young readers."
87,"The Little House Collection (Little House, #1-9)",Laura Ingalls Wilder,1932, 4.36,"The Little House series tells the story of Laura Ingalls Wilder’s childhood in the American Midwest during the late 19th century. The nine books in the series follow Laura, her family, and their adventures as they move from place to place, settling in various parts of the frontier. Wilder’s rich storytelling and historical accuracy provide readers with a vivid picture of life during this period, making the series a classic for children and adults alike."
88,The Neverending Story,Michael Ende,1979, 4.18,"The Neverending Story is a fantasy novel about a young boy named Bastian who discovers a magical book that tells the story of a young warrior named Atreyu, who embarks on a quest to save the land of Fantastica from destruction. As Bastian becomes more involved in the story, he realizes that he has the power to shape the events within the book. The novel blends fantasy, adventure, and introspective themes, making it a timeless classic that explores the power of imagination."
89,"Ramona the Pest (Ramona, #2)",Beverly Cleary,1968, 4.08,"Ramona the Pest is the second book in the Ramona series and follows the mischievous and imaginative Ramona Quimby as she navigates her life as a young child in a growing family. Ramona’s adventures, misunderstandings, and her struggle to find her place in the world make her an endearing character. Cleary’s realistic portrayal of childhood challenges, combined with her humor and empathy, has made Ramona a beloved character for generations of readers."
90,Hop On Pop,Dr. Seuss,1963, 4.03,"Hop On Pop is one of Dr. Seuss’s early books designed for young readers, using playful rhymes, simple language, and colorful illustrations to introduce children to the joy of reading. The book features whimsical characters and nonsensical stories that engage children while teaching them basic words and phrases. It’s a perfect beginner's book for young children learning to read and enjoy language."
91,The Little House,Virginia Lee Burton,1942, 4.30,"The Little House tells the story of a small house in the countryside that is eventually overtaken by the expansion of a city. As the house witnesses the changing landscape, it eventually finds its way back to the quiet country setting. Burton’s beautifully illustrated book explores themes of change, the passage of time, and the importance of home. The book is a timeless classic that introduces young readers to the concept of urbanization and the value of preservation."
92,Harry the Dirty Dog,Gene Zion,1956, 4.20,"Harry the Dirty Dog is a charming story about a dog named Harry who dislikes baths and runs away from home. After getting dirty on his adventures, Harry returns home, hoping his owners won’t recognize him. The book’s humorous premise, engaging narrative, and lovable protagonist make it a favorite among young readers. The story is a playful exploration of cleanliness, family love, and the joy of returning home."
93,The Runaway Bunny,Margaret Wise Brown,1942, 4.09,"The Runaway Bunny is a beloved story about a little bunny who decides to run away, only to be followed by his loving mother, who assures him that no matter where he goes, she will always be there for him. This gentle and reassuring tale of unconditional love and security is paired with beautiful illustrations, making it a perfect bedtime story for young children."
94,Horton Hatches the Egg,Dr. Seuss,1940, 4.19,"In Horton Hatches the Egg, the kind-hearted elephant Horton is tricked into sitting on an egg laid by the lazy bird Mayzie. As Horton keeps his promise to protect the egg, the story unfolds with humor, warmth, and a lesson about perseverance, responsibility, and loyalty. Seuss’s playful language and delightful illustrations make this a classic story about standing by one’s word."
95,"Bunnicula: A Rabbit-Tale of Mystery (Bunnicula, #1)",Deborah Howe,1979, 3.89,"Bunnicula: A Rabbit-Tale of Mystery is a humorous story about a family who adopts a rabbit named Bunnicula, who is suspected of being a vampire because of his strange behavior and red eyes. Told from the perspective of the family’s dog and cat, the book combines mystery, humor, and the supernatural to create an entertaining story. The clever narrative and humorous illustrations have made Bunnicula a popular series among young readers."
96,Stone Soup,Jon J. Muth,2003, 4.18,"Stone Soup is a classic folktale retold by Jon J. Muth, in which three soldiers arrive in a village, claiming they can make soup from stones. The villagers, initially hesitant, eventually contribute ingredients to the pot, and together they create a delicious meal. This story is a heartwarming lesson about sharing, community, and cooperation, enhanced by Muth’s beautiful watercolor illustrations."
97,A Light in the Attic,Shel Silverstein,1981, 4.36,"A Light in the Attic is a collection of quirky poems and illustrations by Shel Silverstein, exploring a wide range of topics with wit, humor, and imagination. The poems are funny, thoughtful, and sometimes absurd, but they all carry a sense of wonder and creativity. Silverstein’s distinctive voice and whimsical illustrations make this book a timeless collection that continues to entertain children and adults alike."
98,"Harry Potter and the Prisoner of Azkaban (Harry Potter, #3)",J.K. Rowling,1999, 4.58,"Harry Potter and the Prisoner of Azkaban is the third book in the Harry Potter series, where Harry returns to Hogwarts for his third year and uncovers secrets about his past. With the arrival of the mysterious Sirius Black, Harry must navigate dark truths and face his fears. This thrilling installment explores themes of loyalty, friendship, and identity, marking a turning point in the magical world of Harry Potter."
99,"Harry Potter and the Chamber of Secrets (Harry Potter, #2)",J.K. Rowling,1998, 4.43,"Harry Potter and the Chamber of Secrets is the second book in the Harry Potter series, where Harry returns to Hogwarts for his second year and uncovers a hidden chamber within the school. As mysterious events unfold, Harry and his friends Ron and Hermione uncover dark secrets about the school’s past. Themes of courage, friendship, and standing up for what’s right are explored in this gripping magical adventure."
100,The Three Billy Goats Gruff,Paul Galdone,1973, 4.17,"The Three Billy Goats Gruff is a retelling of the classic Norwegian fairy tale about three goats who must outwit a greedy troll to cross a bridge and reach greener pastures. The goats each come up with a clever strategy to trick the troll, teaching children lessons about teamwork, bravery, and cleverness. Galdone’s illustrations and simple, rhythmic text bring the tale to life in a way that is accessible and entertaining for young readers."